slug;nome;endereco;bairro;orgao;motivo;source_atual;source_corrigido;edit_url
agraer-sede144;Bloco 12;Av. Desembargador José Nunes da Cunha, S/N;Parque dos Poderes;AGRAER;aspa-inicial;"""https://www.google.com/maps/embed?pb=!1m18!1m12!1m3!1d14953.457960056077!2d-54.59153913366672!3d-20.450217441504048!2m3!1f0!2f0!3f0!3m2!1i1024!2i768!4f13.1!3m3!1m2!1s0x9486e89faaaaaaab%3A0x4bba8bd32bf14aca!2sAg%C3%AAncia%20de%20Desenvolvimento%20Agr%C3%A1rio%20e%20Extens%C3%A3o%20Rural%20-%20AGRAER!5e0!3m2!1spt-BR!2sbr!4v1702995953340!5m2!1spt-BR!2sbr"" width=""600"" height=""450"" style=""border:0;"" allowfullscreen="""" loading=""lazy"" referrerpolicy=""no-referrer-when-downgrade""";https://www.google.com/maps/embed?pb=!1m18!1m12!1m3!1d14953.457960056077!2d-54.59153913366672!3d-20.450217441504048!2m3!1f0!2f0!3f0!3m2!1i1024!2i768!4f13.1!3m3!1m2!1s0x9486e89faaaaaaab%3A0x4bba8bd32bf14aca!2sAg%C3%AAncia%20de%20Desenvolvimento%20Agr%C3%A1rio%20e%20Extens%C3%A3o%20Rural%20-%20AGRAER!5e0!3m2!1spt-BR!2sbr!4v1702995953340!5m2!1spt-BR!2sbr;https://admin.ms.gov.br/locais_atendimento/editar/agraer-sede144
agencia-integrada-comper-itanhanga111;Térreo;R. Joaquim Murtinho, 1679 - Itanhangá Park;Itanhangá Park;DETRAN;nao-embed;https://maps.app.goo.gl/4DBJWxGC8T4Zhsrk8;__GERAR_EMBED__;https://admin.ms.gov.br/locais_atendimento/editar/agencia-integrada-comper-itanhanga111
detran21;Agência do Detran-MS;R. São Paulo, 123;Centro;DETRAN;tag-iframe;"<iframe src=""https://www.google.com/maps/embed?pb=!1m18!1m12!1m3!1d3726.672132088822!2d-54.956505899999996!3d-20.9255066!2m3!1f0!2f0!3f0!3m2!1i1024!2i768!4f13.1!3m3!1m2!1s0x9487af634dc921d1%3A0xc54e9fd29cafdc9a!2sR.%20S%C3%A3o%20Paulo%2C%20123%20-%20Centro%2C%20Sidrol%C3%A2ndia%20-%20MS%2C%2079170-000!5e0!3m2!1spt-BR!2sbr!4v1772217248220!5m2!1spt-BR!2sbr"" width=""600"" height=""450"" style=""border:0;"" allowfullscreen="""" loading=""lazy"" referrerpolicy=""no-referrer-when-downgrade""></iframe>";https://www.google.com/maps/embed?pb=!1m18!1m12!1m3!1d3726.672132088822!2d-54.956505899999996!3d-20.9255066!2m3!1f0!2f0!3f0!3m2!1i1024!2i768!4f13.1!3m3!1m2!1s0x9487af634dc921d1%3A0xc54e9fd29cafdc9a!2sR.%20S%C3%A3o%20Paulo%2C%20123%20-%20Centro%2C%20Sidrol%C3%A2ndia%20-%20MS%2C%2079170-000!5e0!3m2!1spt-BR!2sbr!4v1772217248220!5m2!1spt-BR!2sbr;https://admin.ms.gov.br/locais_atendimento/editar/detran21
gerencia-de-administracao191;Gerência de Administração;Rua: Sete de Setembro, 1606;Centro;FUNDECT;sem-source;x;__GERAR_EMBED__;https://admin.ms.gov.br/locais_atendimento/editar/gerencia-de-administracao191
funtrab137;FUNTRAB;Rua: Francisco Rebuá, 04;Centro;FUNTRAB;aspa-inicial;"""https://www.google.com/maps/embed?pb=!1m18!1m12!1m3!1d3743.492386875593!2d-56.38704012381306!3d-20.238404147988145!2m3!1f0!2f0!3f0!3m2!1i1024!2i768!4f13.1!3m3!1m2!1s0x947e91e043c9bf77%3A0x862b16422b4f3db2!2sR.%20Francisco%20R%C3%A9bua%2C%204%20-%20Nova%20Miranda%2C%20Miranda%20-%20MS%2C%2079380-000!5e0!3m2!1spt-BR!2sbr!4v1701117023746!5m2!1spt-BR!2sbr"" width=""600"" height=""450"" style=""border:0;"" allowfullscreen="""" loading=""lazy"" referrerpolicy=""no-referrer-when-downgrade""";https://www.google.com/maps/embed?pb=!1m18!1m12!1m3!1d3743.492386875593!2d-56.38704012381306!3d-20.238404147988145!2m3!1f0!2f0!3f0!3m2!1i1024!2i768!4f13.1!3m3!1m2!1s0x947e91e043c9bf77%3A0x862b16422b4f3db2!2sR.%20Francisco%20R%C3%A9bua%2C%204%20-%20Nova%20Miranda%2C%20Miranda%20-%20MS%2C%2079380-000!5e0!3m2!1spt-BR!2sbr!4v1701117023746!5m2!1spt-BR!2sbr;https://admin.ms.gov.br/locais_atendimento/editar/funtrab137
unidade-local-de-jatei100;UNIDADE LOCAL DE JATEÍ;Rua Miguel Lopes Falheiros N.º 717;Centro;IAGRO;aspa-inicial;"""https://www.google.com/maps/embed?pb=!1m18!1m12!1m3!1d3686.5907937833613!2d-54.308827025338026!3d-22.482006722826878!2m3!1f0!2f0!3f0!3m2!1i1024!2i768!4f13.1!3m3!1m2!1s0x94895b267a494f3f%3A0x2b94d6e36826402!2sIagro%20Local%20de%20Jate%C3%AD!5e0!3m2!1spt-BR!2sbr!4v1682621498954!5m2!1spt-BR!2sbr"" width=""600"" height=""450"" style=""border:0;"" allowfullscreen="""" loading=""lazy"" referrerpolicy=""no-referrer-when-downgrade""";https://www.google.com/maps/embed?pb=!1m18!1m12!1m3!1d3686.5907937833613!2d-54.308827025338026!3d-22.482006722826878!2m3!1f0!2f0!3f0!3m2!1i1024!2i768!4f13.1!3m3!1m2!1s0x94895b267a494f3f%3A0x2b94d6e36826402!2sIagro%20Local%20de%20Jate%C3%AD!5e0!3m2!1spt-BR!2sbr!4v1682621498954!5m2!1spt-BR!2sbr;https://admin.ms.gov.br/locais_atendimento/editar/unidade-local-de-jatei100
unidade-local-de-agua-clara78;UNIDADE LOCAL DE AGUA CLARA;Rua Hugo Pereira do Vale, 06;Jardim Sao Judas Tadeu;IAGRO;tag-iframe;"<iframe src=""https://www.google.com/maps/embed?pb=!1m18!1m12!1m3!1d233.65962761501558!2d-52.87804191543188!3d-20.442425207437704!2m3!1f0!2f0!3f0!3m2!1i1024!2i768!4f13.1!3m3!1m2!1s0x9485255ab4b76aa7%3A0xf1e47b18a5cf41f7!2sIagro%20Local%20de%20%C3%81gua%20Clara!5e0!3m2!1spt-BR!2sbr!4v1777486632310!5m2!1spt-BR!2sbr"" width=""600"" height=""450"" style=""border:0;"" allowfullscreen="""" loading=""lazy"" referrerpolicy=""no-referrer-when-downgrade""></iframe>";https://www.google.com/maps/embed?pb=!1m18!1m12!1m3!1d233.65962761501558!2d-52.87804191543188!3d-20.442425207437704!2m3!1f0!2f0!3f0!3m2!1i1024!2i768!4f13.1!3m3!1m2!1s0x9485255ab4b76aa7%3A0xf1e47b18a5cf41f7!2sIagro%20Local%20de%20%C3%81gua%20Clara!5e0!3m2!1spt-BR!2sbr!4v1777486632310!5m2!1spt-BR!2sbr;https://admin.ms.gov.br/locais_atendimento/editar/unidade-local-de-agua-clara78
escritorio-local-de-aquidauana131;Escritório Local de Aquidauana;Rua Nilza Ferraz Ribeiro esquina com Honório Simões Pires, s/nº;Bairro Alto;IMASUL;tag-iframe;"<iframe src=""https://www.google.com/maps/embed?pb=!1m18!1m12!1m3!1d1108.5528531119405!2d-55.78182892792595!3d-20.458142311937895!2m3!1f0!2f0!3f0!3m2!1i1024!2i768!4f13.1!3m3!1m2!1s0x947de73f54ee1815%3A0x1a064e0d09cec336!2sImasul%20(Instituto%20de%20Meio%20Ambiente%20de%20Mato%20Grosso%20do%20Sul)%20Aquidauana!5e1!3m2!1spt-BR!2sbr!4v1776370066125!5m2!1spt-BR!2sbr"" width=""600"" height=""450"" style=""border:0;"" allowfullscreen="""" loading=""lazy"" referrerpolicy=""no-referrer-when-downgrade""></iframe>";https://www.google.com/maps/embed?pb=!1m18!1m12!1m3!1d1108.5528531119405!2d-55.78182892792595!3d-20.458142311937895!2m3!1f0!2f0!3f0!3m2!1i1024!2i768!4f13.1!3m3!1m2!1s0x947de73f54ee1815%3A0x1a064e0d09cec336!2sImasul%20(Instituto%20de%20Meio%20Ambiente%20de%20Mato%20Grosso%20do%20Sul)%20Aquidauana!5e1!3m2!1spt-BR!2sbr!4v1776370066125!5m2!1spt-BR!2sbr;https://admin.ms.gov.br/locais_atendimento/editar/escritorio-local-de-aquidauana131
escritorio-local-de-bonito37;Escritório Local de Bonito;Rua da Flores, 400;Vila Donária;IMASUL;tag-iframe;"<iframe src=""https://www.google.com/maps/embed?pb=!4v1776370767375!6m8!1m7!1sJHMSE2D4Gu2lak-x3G1ISw!2m2!1d-21.12245160244735!2d-56.4995106975785!3f198.4075195260956!4f3.9225427584587607!5f0.7820865974627469"" width=""600"" height=""450"" style=""border:0;"" allowfullscreen="""" loading=""lazy"" referrerpolicy=""no-referrer-when-downgrade""></iframe>";https://www.google.com/maps/embed?pb=!4v1776370767375!6m8!1m7!1sJHMSE2D4Gu2lak-x3G1ISw!2m2!1d-21.12245160244735!2d-56.4995106975785!3f198.4075195260956!4f3.9225427584587607!5f0.7820865974627469;https://admin.ms.gov.br/locais_atendimento/editar/escritorio-local-de-bonito37
escritorio-local-de-corumba125;Escritório Local de Corumbá;Rua XV de Novembro, 32;Centro;IMASUL;tag-iframe;"<iframe src=""https://www.google.com/maps/embed?pb=!1m18!1m12!1m3!1d1330.3940453192345!2d-57.65557994821014!3d-18.99906422478381!2m3!1f0!2f0!3f0!3m2!1i1024!2i768!4f13.1!3m3!1m2!1s0x9387a0975581d3f1%3A0x1ee4b4e8c77897a4!2sR.%20Quinze%20de%20Novembro%2C%2032%20-%20Centro!5e1!3m2!1spt-BR!2sbr!4v1776370315557!5m2!1spt-BR!2sbr"" width=""600"" height=""450"" style=""border:0;"" allowfullscreen="""" loading=""lazy"" referrerpolicy=""no-referrer-when-downgrade""></iframe>";https://www.google.com/maps/embed?pb=!1m18!1m12!1m3!1d1330.3940453192345!2d-57.65557994821014!3d-18.99906422478381!2m3!1f0!2f0!3f0!3m2!1i1024!2i768!4f13.1!3m3!1m2!1s0x9387a0975581d3f1%3A0x1ee4b4e8c77897a4!2sR.%20Quinze%20de%20Novembro%2C%2032%20-%20Centro!5e1!3m2!1spt-BR!2sbr!4v1776370315557!5m2!1spt-BR!2sbr;https://admin.ms.gov.br/locais_atendimento/editar/escritorio-local-de-corumba125
escritorio-local-de-costa-rica18;Escritório Local de Costa Rica;Rua Jose Pereira da Silva, 303;Bairro Santos Dumont;IMASUL;tag-iframe;"<iframe src=""https://www.google.com/maps/embed?pb=!1m18!1m12!1m3!1d4487.0360420844745!2d-53.12646862229696!3d-18.54225694660454!2m3!1f0!2f0!3f0!3m2!1i1024!2i768!4f13.1!3m3!1m2!1s0x94829994ed70afc9%3A0xd2343d007179d134!2sIMASUL%20Costa%20Rica!5e1!3m2!1spt-BR!2sbr!4v1776371217187!5m2!1spt-BR!2sbr"" width=""600"" height=""450"" style=""border:0;"" allowfullscreen="""" loading=""lazy"" referrerpolicy=""no-referrer-when-downgrade""></iframe>";https://www.google.com/maps/embed?pb=!1m18!1m12!1m3!1d4487.0360420844745!2d-53.12646862229696!3d-18.54225694660454!2m3!1f0!2f0!3f0!3m2!1i1024!2i768!4f13.1!3m3!1m2!1s0x94829994ed70afc9%3A0xd2343d007179d134!2sIMASUL%20Costa%20Rica!5e1!3m2!1spt-BR!2sbr!4v1776371217187!5m2!1spt-BR!2sbr;https://admin.ms.gov.br/locais_atendimento/editar/escritorio-local-de-costa-rica18
escritorio-local-de-coxim85;Escritório Local de Coxim;Rua Floriano Peixoto, nº 304;Centro;IMASUL;tag-iframe;"<iframe src=""https://www.google.com/maps/embed?pb=!1m18!1m12!1m3!1d561.0004133568763!2d-54.76201751931351!3d-18.50539808857653!2m3!1f0!2f0!3f0!3m2!1i1024!2i768!4f13.1!3m3!1m2!1s0x937e358a66561699%3A0xe870893f1d250e55!2sImasul%20Coxim!5e1!3m2!1spt-BR!2sbr!4v1776371479000!5m2!1spt-BR!2sbr"" width=""600"" height=""450"" style=""border:0;"" allowfullscreen="""" loading=""lazy"" referrerpolicy=""no-referrer-when-downgrade""></iframe>";https://www.google.com/maps/embed?pb=!1m18!1m12!1m3!1d561.0004133568763!2d-54.76201751931351!3d-18.50539808857653!2m3!1f0!2f0!3f0!3m2!1i1024!2i768!4f13.1!3m3!1m2!1s0x937e358a66561699%3A0xe870893f1d250e55!2sImasul%20Coxim!5e1!3m2!1spt-BR!2sbr!4v1776371479000!5m2!1spt-BR!2sbr;https://admin.ms.gov.br/locais_atendimento/editar/escritorio-local-de-coxim85
unidade-regional-de-dourados62;Unidade Regional de Dourados;Rua Joaquim Alves Taveira nº3501;Vila Aurora;IMASUL;tag-iframe;"<iframe src=""https://www.google.com/maps/embed?pb=!1m18!1m12!1m3!1d4381.308056541813!2d-54.800146023952976!3d-22.218345413631617!2m3!1f0!2f0!3f0!3m2!1i1024!2i768!4f13.1!3m3!1m2!1s0x9489a9162cc37d37%3A0x3d4556af9744bbd!2sImasul%20-%20Escritorio%20Regional%20de%20Dourados!5e1!3m2!1spt-BR!2sbr!4v1776370110330!5m2!1spt-BR!2sbr"" width=""600"" height=""450"" style=""border:0;"" allowfullscreen="""" loading=""lazy"" referrerpolicy=""no-referrer-when-downgrade""></iframe>";https://www.google.com/maps/embed?pb=!1m18!1m12!1m3!1d4381.308056541813!2d-54.800146023952976!3d-22.218345413631617!2m3!1f0!2f0!3f0!3m2!1i1024!2i768!4f13.1!3m3!1m2!1s0x9489a9162cc37d37%3A0x3d4556af9744bbd!2sImasul%20-%20Escritorio%20Regional%20de%20Dourados!5e1!3m2!1spt-BR!2sbr!4v1776370110330!5m2!1spt-BR!2sbr;https://admin.ms.gov.br/locais_atendimento/editar/unidade-regional-de-dourados62
unidade-regional-de-tres-lagoas60;Unidade Regional de Três Lagoas;Av. Capitão Olinto Mansine, nº 2462;Jardim Primaveril;IMASUL;tag-iframe;"<iframe src=""https://www.google.com/maps/embed?pb=!1m18!1m12!1m3!1d2212.199919465181!2d-51.69183246661599!3d-20.795325309675206!2m3!1f0!2f0!3f0!3m2!1i1024!2i768!4f13.1!3m3!1m2!1s0x9490987304b68a2b%3A0x1df4f526c7aa932d!2sIMASUL%20-%20Regional%20Tres%20Lagoas!5e1!3m2!1spt-BR!2sbr!4v1776371020027!5m2!1spt-BR!2sbr"" width=""600"" height=""450"" style=""border:0;"" allowfullscreen="""" loading=""lazy"" referrerpolicy=""no-referrer-when-downgrade""></iframe>";https://www.google.com/maps/embed?pb=!1m18!1m12!1m3!1d2212.199919465181!2d-51.69183246661599!3d-20.795325309675206!2m3!1f0!2f0!3f0!3m2!1i1024!2i768!4f13.1!3m3!1m2!1s0x9490987304b68a2b%3A0x1df4f526c7aa932d!2sIMASUL%20-%20Regional%20Tres%20Lagoas!5e1!3m2!1spt-BR!2sbr!4v1776371020027!5m2!1spt-BR!2sbr;https://admin.ms.gov.br/locais_atendimento/editar/unidade-regional-de-tres-lagoas60
pmms195;11º Batalhão de Polícia Militar;Rua Marechal Rondon, 246;Centro;PMMS;aspa-inicial;"""https://www.google.com/maps/embed?pb=!1m18!1m12!1m3!1d3712.61272974168!2d-56.13999!3d-21.483707!2m3!1f0!2f0!3f0!3m2!1i1024!2i768!4f13.1!3m3!1m2!1s0x947d213edd43b8bf%3A0x2a62becc5f1499ed!2sR.%20Mal.%20Rondon%2C%20246%20-%20Jardim%2C%20MS%2C%2079240-000!5e0!3m2!1spt-BR!2sbr!4v1702904897915!5m2!1spt-BR!2sbr"" width=""600"" height=""450"" style=""border:0;"" allowfullscreen="""" loading=""lazy"" referrerpolicy=""no-referrer-when-downgrade""";https://www.google.com/maps/embed?pb=!1m18!1m12!1m3!1d3712.61272974168!2d-56.13999!3d-21.483707!2m3!1f0!2f0!3f0!3m2!1i1024!2i768!4f13.1!3m3!1m2!1s0x947d213edd43b8bf%3A0x2a62becc5f1499ed!2sR.%20Mal.%20Rondon%2C%20246%20-%20Jardim%2C%20MS%2C%2079240-000!5e0!3m2!1spt-BR!2sbr!4v1702904897915!5m2!1spt-BR!2sbr;https://admin.ms.gov.br/locais_atendimento/editar/pmms195
pmms109;12ª Companhia Independente de Polícia Militar;R. São Paulo, 1984;Lot. Capao Redondo II;PMMS;aspa-inicial;"""https://www.google.com/maps/embed?pb=!1m18!1m12!1m3!1d3239.1357195080277!2d-54.577221225418526!3d-19.39191602177747!2m3!1f0!2f0!3f0!3m2!1i1024!2i768!4f13.1!3m3!1m2!1s0x9481a777ad1357e9%3A0x4971a12a0106d70f!2sPol%C3%ADcia%20Militar!5e1!3m2!1spt-BR!2sbr!4v1702922981038!5m2!1spt-BR!2sbr"" width=""600"" height=""450"" style=""border:0;"" allowfullscreen="""" loading=""lazy"" referrerpolicy=""no-referrer-when-downgrade""";https://www.google.com/maps/embed?pb=!1m18!1m12!1m3!1d3239.1357195080277!2d-54.577221225418526!3d-19.39191602177747!2m3!1f0!2f0!3f0!3m2!1i1024!2i768!4f13.1!3m3!1m2!1s0x9481a777ad1357e9%3A0x4971a12a0106d70f!2sPol%C3%ADcia%20Militar!5e1!3m2!1spt-BR!2sbr!4v1702922981038!5m2!1spt-BR!2sbr;https://admin.ms.gov.br/locais_atendimento/editar/pmms109
pmms136;12º Batalhão de Polícia Militar;Av. Fátima do Sul, 303;Centro;PMMS;aspa-inicial;"""https://www.google.com/maps/embed?pb=!1m18!1m12!1m3!1d3671.1820149361765!2d-54.206210624685426!3d-23.053787679151913!2m3!1f0!2f0!3f0!3m2!1i1024!2i768!4f13.1!3m3!1m2!1s0x948b8ee340eaa957%3A0x760c89a919db06a1!2sAv.%20F%C3%A1tima%20do%20Sul%2C%20303%20-%20Centro%2C%20Navira%C3%AD%20-%20MS%2C%2079950-000!5e0!3m2!1spt-BR!2sbr!4v1702905488183!5m2!1spt-BR!2sbr"" width=""600"" height=""450"" style=""border:0;"" allowfullscreen="""" loading=""lazy"" referrerpolicy=""no-referrer-when-downgrade""";https://www.google.com/maps/embed?pb=!1m18!1m12!1m3!1d3671.1820149361765!2d-54.206210624685426!3d-23.053787679151913!2m3!1f0!2f0!3f0!3m2!1i1024!2i768!4f13.1!3m3!1m2!1s0x948b8ee340eaa957%3A0x760c89a919db06a1!2sAv.%20F%C3%A1tima%20do%20Sul%2C%20303%20-%20Centro%2C%20Navira%C3%AD%20-%20MS%2C%2079950-000!5e0!3m2!1spt-BR!2sbr!4v1702905488183!5m2!1spt-BR!2sbr;https://admin.ms.gov.br/locais_atendimento/editar/pmms136
pmms81;1ª Companhia Independente de Polícia Militar;R. Vinte e Quatro de Fevereiro, 1725;Alvorada;PMMS;aspa-inicial;"""https://www.google.com/maps/embed?pb=!1m18!1m12!1m3!1d14886.756034266713!2d-56.50505424458011!3d-21.124961300000002!2m3!1f0!2f0!3f0!3m2!1i1024!2i768!4f13.1!3m3!1m2!1s0x947c5f20472fb79b%3A0x2937d74c86325c37!2sPol%C3%ADcia%20Militar!5e0!3m2!1spt-BR!2sbr!4v1702906558059!5m2!1spt-BR!2sbr"" width=""600"" height=""450"" style=""border:0;"" allowfullscreen="""" loading=""lazy"" referrerpolicy=""no-referrer-when-downgrade""";https://www.google.com/maps/embed?pb=!1m18!1m12!1m3!1d14886.756034266713!2d-56.50505424458011!3d-21.124961300000002!2m3!1f0!2f0!3f0!3m2!1i1024!2i768!4f13.1!3m3!1m2!1s0x947c5f20472fb79b%3A0x2937d74c86325c37!2sPol%C3%ADcia%20Militar!5e0!3m2!1spt-BR!2sbr!4v1702906558059!5m2!1spt-BR!2sbr;https://admin.ms.gov.br/locais_atendimento/editar/pmms81
pmms85;2ª Companhia Independente de Polícia Militar;R. Melânio García Barbosa, 71;Centro;PMMS;aspa-inicial;"""https://www.google.com/maps/embed?pb=!1m18!1m12!1m3!1d3709.0539369602507!2d-55.16301171114503!3d-21.622821799999997!2m3!1f0!2f0!3f0!3m2!1i1024!2i768!4f13.1!3m3!1m2!1s0x94880d01519db0f1%3A0x7aad82a2df429f8c!2s2a%20Companhia%20Independente%20da%20Pol%C3%ADcia%20Militar%20-%20Maracaju!5e0!3m2!1spt-BR!2sbr!4v1702906610628!5m2!1spt-BR!2sbr"" width=""600"" height=""450"" style=""border:0;"" allowfullscreen="""" loading=""lazy"" referrerpolicy=""no-referrer-when-downgrade""";https://www.google.com/maps/embed?pb=!1m18!1m12!1m3!1d3709.0539369602507!2d-55.16301171114503!3d-21.622821799999997!2m3!1f0!2f0!3f0!3m2!1i1024!2i768!4f13.1!3m3!1m2!1s0x94880d01519db0f1%3A0x7aad82a2df429f8c!2s2a%20Companhia%20Independente%20da%20Pol%C3%ADcia%20Militar%20-%20Maracaju!5e0!3m2!1spt-BR!2sbr!4v1702906610628!5m2!1spt-BR!2sbr;https://admin.ms.gov.br/locais_atendimento/editar/pmms85
pmms79;3ª Companhia Independente de Polícia Militar;Av. Pedro Manvailler, 4455;Centro;PMMS;aspa-inicial;"""https://www.google.com/maps/embed?pb=!1m18!1m12!1m3!1d3670.0857544709615!2d-55.23867582528369!3d-23.093956444585878!2m3!1f0!2f0!3f0!3m2!1i1024!2i768!4f13.1!3m3!1m2!1s0x948a11bf4afa09a9%3A0xaa1db7aeb81561fb!2sPol%C3%ADcia%20Militar!5e0!3m2!1spt-BR!2sbr!4v1702906766275!5m2!1spt-BR!2sbr"" width=""600"" height=""450"" style=""border:0;"" allowfullscreen="""" loading=""lazy"" referrerpolicy=""no-referrer-when-downgrade""";https://www.google.com/maps/embed?pb=!1m18!1m12!1m3!1d3670.0857544709615!2d-55.23867582528369!3d-23.093956444585878!2m3!1f0!2f0!3f0!3m2!1i1024!2i768!4f13.1!3m3!1m2!1s0x948a11bf4afa09a9%3A0xaa1db7aeb81561fb!2sPol%C3%ADcia%20Militar!5e0!3m2!1spt-BR!2sbr!4v1702906766275!5m2!1spt-BR!2sbr;https://admin.ms.gov.br/locais_atendimento/editar/pmms79
pmms194;4ª Companhia Independente de Polícia Militar;R. Vinte e Nove, 49;Centro;PMMS;aspa-inicial;"""https://www.google.com/maps/embed?pb=!1m18!1m12!1m3!1d3777.160078365691!2d-52.63179772543845!3d-18.791018103853016!2m3!1f0!2f0!3f0!3m2!1i1024!2i768!4f13.1!3m3!1m2!1s0x949d32105d765bfd%3A0x1bbff83069696f45!2s4%C2%AA%20Companhia%20Independente%20de%20Policia%20Militar!5e0!3m2!1spt-BR!2sbr!4v1702906928496!5m2!1spt-BR!2sbr"" width=""600"" height=""450"" style=""border:0;"" allowfullscreen="""" loading=""lazy"" referrerpolicy=""no-referrer-when-downgrade""";https://www.google.com/maps/embed?pb=!1m18!1m12!1m3!1d3777.160078365691!2d-52.63179772543845!3d-18.791018103853016!2m3!1f0!2f0!3f0!3m2!1i1024!2i768!4f13.1!3m3!1m2!1s0x949d32105d765bfd%3A0x1bbff83069696f45!2s4%C2%AA%20Companhia%20Independente%20de%20Policia%20Militar!5e0!3m2!1spt-BR!2sbr!4v1702906928496!5m2!1spt-BR!2sbr;https://admin.ms.gov.br/locais_atendimento/editar/pmms194
pmms154;5º Batalhão de Polícia Militar;Rua General Mendes de Moraes, 190;Jardim Aeroporto;PMMS;aspa-inicial;"""https://www.google.com/maps/embed?pb=!1m18!1m12!1m3!1d664.1506705352399!2d-54.756245641870834!3d-18.503404199999988!2m3!1f0!2f0!3f0!3m2!1i1024!2i768!4f13.1!3m3!1m2!1s0x937e34e224e6fb51%3A0x9e4502f6d0ff04a4!2s5%C2%B0%20BPM%20POLICIA%20MILITAR!5e1!3m2!1spt-BR!2sbr!4v1704374554697!5m2!1spt-BR!2sbr"" width=""600"" height=""450"" style=""border:0;"" allowfullscreen="""" loading=""lazy"" referrerpolicy=""no-referrer-when-downgrade""";https://www.google.com/maps/embed?pb=!1m18!1m12!1m3!1d664.1506705352399!2d-54.756245641870834!3d-18.503404199999988!2m3!1f0!2f0!3f0!3m2!1i1024!2i768!4f13.1!3m3!1m2!1s0x937e34e224e6fb51%3A0x9e4502f6d0ff04a4!2s5%C2%B0%20BPM%20POLICIA%20MILITAR!5e1!3m2!1spt-BR!2sbr!4v1704374554697!5m2!1spt-BR!2sbr;https://admin.ms.gov.br/locais_atendimento/editar/pmms154
pmms6;7ª Companhia Independente de Polícia Militar;Av Presidente Prudente, 265;Centro;PMMS;aspa-inicial;"""https://www.google.com/maps/embed?pb=!1m18!1m12!1m3!1d712.7941665691868!2d-52.418184363455055!3d-21.713786344948055!2m3!1f0!2f0!3f0!3m2!1i1024!2i768!4f13.1!3m3!1m2!1s0x9491c6c26e109cc5%3A0xc4f5996ddc494c39!2sAv.%20Pres.%20Prudente%2C%20265%20-%20Bataguassu%2C%20MS%2C%2079780-000!5e1!3m2!1spt-BR!2sbr!4v1702907598879!5m2!1spt-BR!2sbr"" width=""600"" height=""450"" style=""border:0;"" allowfullscreen="""" loading=""lazy"" referrerpolicy=""no-referrer-when-downgrade""";https://www.google.com/maps/embed?pb=!1m18!1m12!1m3!1d712.7941665691868!2d-52.418184363455055!3d-21.713786344948055!2m3!1f0!2f0!3f0!3m2!1i1024!2i768!4f13.1!3m3!1m2!1s0x9491c6c26e109cc5%3A0xc4f5996ddc494c39!2sAv.%20Pres.%20Prudente%2C%20265%20-%20Bataguassu%2C%20MS%2C%2079780-000!5e1!3m2!1spt-BR!2sbr!4v1702907598879!5m2!1spt-BR!2sbr;https://admin.ms.gov.br/locais_atendimento/editar/pmms6
pmms52;8ª Companhia Independente de Polícia Militar;Rua Alagoas, 750;Centro;PMMS;aspa-inicial;"""https://www.google.com/maps/embed?pb=!1m18!1m12!1m3!1d3207.482500121404!2d-54.96617342694051!3d-20.92451182736751!2m3!1f0!2f0!3f0!3m2!1i1024!2i768!4f13.1!3m3!1m2!1s0x9487a5882c877f89%3A0x41c161338783fc1e!2sR.%20Alagoas%2C%20760%20-%20Centro%2C%20Sidrol%C3%A2ndia%20-%20MS%2C%2079170-000!5e1!3m2!1spt-BR!2sbr!4v1702909216726!5m2!1spt-BR!2sbr"" width=""600"" height=""450"" style=""border:0;"" allowfullscreen="""" loading=""lazy"" referrerpolicy=""no-referrer-when-downgrade""";https://www.google.com/maps/embed?pb=!1m18!1m12!1m3!1d3207.482500121404!2d-54.96617342694051!3d-20.92451182736751!2m3!1f0!2f0!3f0!3m2!1i1024!2i768!4f13.1!3m3!1m2!1s0x9487a5882c877f89%3A0x41c161338783fc1e!2sR.%20Alagoas%2C%20760%20-%20Centro%2C%20Sidrol%C3%A2ndia%20-%20MS%2C%2079170-000!5e1!3m2!1spt-BR!2sbr!4v1702909216726!5m2!1spt-BR!2sbr;https://admin.ms.gov.br/locais_atendimento/editar/pmms52
pmms78;9ª Companhia Independente de Polícia Militar;R. Benjamin Constant, 1745;Jardim Faculdade;PMMS;aspa-inicial;"""https://www.google.com/maps/embed?pb=!1m18!1m12!1m3!1d101728.037326876!2d-54.90357593355343!3d-22.217066699999993!2m3!1f0!2f0!3f0!3m2!1i1024!2i768!4f13.1!3m3!1m2!1s0x9489a9a812f0c207%3A0x66e3170f58450e70!2s9%C2%AA%20Companhia%20Independente%20de%20Pol%C3%ADcia%20Militar%20-%209%C2%AACIPM!5e1!3m2!1spt-BR!2sbr!4v1702922169608!5m2!1spt-BR!2sbr"" width=""600"" height=""450"" style=""border:0;"" allowfullscreen="""" loading=""lazy"" referrerpolicy=""no-referrer-when-downgrade""";https://www.google.com/maps/embed?pb=!1m18!1m12!1m3!1d101728.037326876!2d-54.90357593355343!3d-22.217066699999993!2m3!1f0!2f0!3f0!3m2!1i1024!2i768!4f13.1!3m3!1m2!1s0x9489a9a812f0c207%3A0x66e3170f58450e70!2s9%C2%AA%20Companhia%20Independente%20de%20Pol%C3%ADcia%20Militar%20-%209%C2%AACIPM!5e1!3m2!1spt-BR!2sbr!4v1702922169608!5m2!1spt-BR!2sbr;https://admin.ms.gov.br/locais_atendimento/editar/pmms78
pmms145;Batalhão de Operações Especiais;Av Desembargador Leão Neto do Carmo, 1002;Jardim Veraneio;PMMS;aspa-inicial;"""https://www.google.com/maps/embed?pb=!1m18!1m12!1m3!1d3738.597909662389!2d-54.55551821191713!3d-20.440621452004187!2m3!1f0!2f0!3f0!3m2!1i1024!2i768!4f13.1!3m3!1m2!1s0x9486e90fe66c03fd%3A0xd18fb85e95ea9100!2sBope!5e0!3m2!1spt-BR!2sbr!4v1700838095977!5m2!1spt-BR!2sbr"" width=""600"" height=""450"" style=""border:0;"" allowfullscreen="""" loading=""lazy"" referrerpolicy=""no-referrer-when-downgrade""";https://www.google.com/maps/embed?pb=!1m18!1m12!1m3!1d3738.597909662389!2d-54.55551821191713!3d-20.440621452004187!2m3!1f0!2f0!3f0!3m2!1i1024!2i768!4f13.1!3m3!1m2!1s0x9486e90fe66c03fd%3A0xd18fb85e95ea9100!2sBope!5e0!3m2!1spt-BR!2sbr!4v1700838095977!5m2!1spt-BR!2sbr;https://admin.ms.gov.br/locais_atendimento/editar/pmms145
pmms53;Batalhão de Polícia Militar Ambiental;Avenida Mato Grosso, s/n.º;Parque dos Poderes;PMMS;aspa-inicial;"""https://www.google.com/maps/embed?pb=!1m14!1m8!1m3!1d3738.39744966157!2d-54.56771896441803!3d-20.448862716522715!3m2!1i1024!2i768!4f13.1!3m3!1m2!1s0x9486e8e1e238121d%3A0x96391c82adde40af!2sBatalh%C3%A3o%20de%20Pol%C3%ADcia%20Militar%20Ambiental!5e0!3m2!1spt-BR!2sbr!4v1702934297363!5m2!1spt-BR!2sbr"" width=""600"" height=""450"" style=""border:0;"" allowfullscreen="""" loading=""lazy"" referrerpolicy=""no-referrer-when-downgrade""";https://www.google.com/maps/embed?pb=!1m14!1m8!1m3!1d3738.39744966157!2d-54.56771896441803!3d-20.448862716522715!3m2!1i1024!2i768!4f13.1!3m3!1m2!1s0x9486e8e1e238121d%3A0x96391c82adde40af!2sBatalh%C3%A3o%20de%20Pol%C3%ADcia%20Militar%20Ambiental!5e0!3m2!1spt-BR!2sbr!4v1702934297363!5m2!1spt-BR!2sbr;https://admin.ms.gov.br/locais_atendimento/editar/pmms53
pmms173;Batalhão de Polícia Militar Rodoviária;R. Marquês de Olinda, 1538;Universitário;PMMS;aspa-inicial;"""https://www.google.com/maps/embed?pb=!1m18!1m12!1m3!1d3736.423899381836!2d-54.5969551!3d-20.529829799999998!2m3!1f0!2f0!3f0!3m2!1i1024!2i768!4f13.1!3m3!1m2!1s0x9486ef9b1ed392a3%3A0xdca09ce67602e3bf!2sR.%20Marqu%C3%AAs%20de%20Olinda%2C%201538%20-%20Universit%C3%A1rio%2C%20Campo%20Grande%20-%20MS%2C%2079063-500!5e0!3m2!1spt-BR!2sbr!4v1700840227387!5m2!1spt-BR!2sbr"" width=""600"" height=""450"" style=""border:0;"" allowfullscreen="""" loading=""lazy"" referrerpolicy=""no-referrer-when-downgrade""";https://www.google.com/maps/embed?pb=!1m18!1m12!1m3!1d3736.423899381836!2d-54.5969551!3d-20.529829799999998!2m3!1f0!2f0!3f0!3m2!1i1024!2i768!4f13.1!3m3!1m2!1s0x9486ef9b1ed392a3%3A0xdca09ce67602e3bf!2sR.%20Marqu%C3%AAs%20de%20Olinda%2C%201538%20-%20Universit%C3%A1rio%2C%20Campo%20Grande%20-%20MS%2C%2079063-500!5e0!3m2!1spt-BR!2sbr!4v1700840227387!5m2!1spt-BR!2sbr;https://admin.ms.gov.br/locais_atendimento/editar/pmms173
pmms43;Batalhão de Polícia Militar de Choque (BPMChoque);Av. Afonso Pena, 7760;Parque dos Poderes;PMMS;aspa-inicial;"""https://www.google.com/maps/embed?pb=!1m18!1m12!1m3!1d1869.1110956547034!2d-54.5653603450762!3d-20.456065292897673!2m3!1f0!2f0!3f0!3m2!1i1024!2i768!4f13.1!3m3!1m2!1s0x9486e9205890da79%3A0xd41607e42938c77f!2sBatalh%C3%A3o%20de%20Choque%20da%20Pol%C3%ADcia%20Militar%20do%20MS!5e0!3m2!1spt-BR!2sbr!4v1700839673765!5m2!1spt-BR!2sbr"" width=""600"" height=""450"" style=""border:0;"" allowfullscreen="""" loading=""lazy"" referrerpolicy=""no-referrer-when-downgrade""";https://www.google.com/maps/embed?pb=!1m18!1m12!1m3!1d1869.1110956547034!2d-54.5653603450762!3d-20.456065292897673!2m3!1f0!2f0!3f0!3m2!1i1024!2i768!4f13.1!3m3!1m2!1s0x9486e9205890da79%3A0xd41607e42938c77f!2sBatalh%C3%A3o%20de%20Choque%20da%20Pol%C3%ADcia%20Militar%20do%20MS!5e0!3m2!1spt-BR!2sbr!4v1700839673765!5m2!1spt-BR!2sbr;https://admin.ms.gov.br/locais_atendimento/editar/pmms43
pmms199;Batalhão de Polícia Militar de Guarda e Escolta;R. Indianápolis, 2712;Jardim Noroeste;PMMS;aspa-inicial;"""https://www.google.com/maps/embed?pb=!1m18!1m12!1m3!1d3738.124096860322!2d-54.526968683081044!3d-20.460095612112372!2m3!1f0!2f0!3f0!3m2!1i1024!2i768!4f13.1!3m3!1m2!1s0x9486e9542538203d%3A0x3d6993d9f3eee930!2sR.%20Indian%C3%A1polis%2C%202712%20-%20Jardim%20Noroeste%2C%20Campo%20Grande%20-%20MS%2C%2079045-120!5e0!3m2!1spt-BR!2sbr!4v1700839828816!5m2!1spt-BR!2sbr"" width=""600"" height=""450"" style=""border:0;"" allowfullscreen="""" loading=""lazy"" referrerpolicy=""no-referrer-when-downgrade""";https://www.google.com/maps/embed?pb=!1m18!1m12!1m3!1d3738.124096860322!2d-54.526968683081044!3d-20.460095612112372!2m3!1f0!2f0!3f0!3m2!1i1024!2i768!4f13.1!3m3!1m2!1s0x9486e9542538203d%3A0x3d6993d9f3eee930!2sR.%20Indian%C3%A1polis%2C%202712%20-%20Jardim%20Noroeste%2C%20Campo%20Grande%20-%20MS%2C%2079045-120!5e0!3m2!1spt-BR!2sbr!4v1700839828816!5m2!1spt-BR!2sbr;https://admin.ms.gov.br/locais_atendimento/editar/pmms199
pmms15;Polícia Militar Ambiental  - Dourados;Rua Santos Dumont n° 10;Jardim Paulista;PMMS;aspa-inicial;"""https://www.google.com/maps/embed?pb=!1m18!1m12!1m3!1d659.9113362343419!2d-54.794492608053055!3d-22.228613823631182!2m3!1f0!2f0!3f0!3m2!1i1024!2i768!4f13.1!3m3!1m2!1s0x9489a82882be278d%3A0x4e3be20f8d2a7dff!2sPol%C3%ADcia%20Militar%20Ambiental!5e1!3m2!1spt-BR!2sbr!4v1703106418259!5m2!1spt-BR!2sbr"" width=""600"" height=""450"" style=""border:0;"" allowfullscreen="""" loading=""lazy"" referrerpolicy=""no-referrer-when-downgrade""";https://www.google.com/maps/embed?pb=!1m18!1m12!1m3!1d659.9113362343419!2d-54.794492608053055!3d-22.228613823631182!2m3!1f0!2f0!3f0!3m2!1i1024!2i768!4f13.1!3m3!1m2!1s0x9489a82882be278d%3A0x4e3be20f8d2a7dff!2sPol%C3%ADcia%20Militar%20Ambiental!5e1!3m2!1spt-BR!2sbr!4v1703106418259!5m2!1spt-BR!2sbr;https://admin.ms.gov.br/locais_atendimento/editar/pmms15
pmms129;Polícia Militar Ambiental - Amambai;MS 156 – KM 03;Zona Rural;PMMS;aspa-inicial;"""https://www.google.com/maps/embed?pb=!1m18!1m12!1m3!1d3!2d-55.18917707905634!3d-23.09965744271735!2m3!1f0!2f90!3f0!3m2!1i1024!2i768!4f75!3m3!1m2!1s0x948a17df58b79963%3A0x387b00729874fa4e!2sPol%C3%ADcia%20militar%20ambiental!5e1!3m2!1spt-BR!2sbr!4v1703105434161!5m2!1spt-BR!2sbr"" width=""600"" height=""450"" style=""border:0;"" allowfullscreen="""" loading=""lazy"" referrerpolicy=""no-referrer-when-downgrade""";https://www.google.com/maps/embed?pb=!1m18!1m12!1m3!1d3!2d-55.18917707905634!3d-23.09965744271735!2m3!1f0!2f90!3f0!3m2!1i1024!2i768!4f75!3m3!1m2!1s0x948a17df58b79963%3A0x387b00729874fa4e!2sPol%C3%ADcia%20militar%20ambiental!5e1!3m2!1spt-BR!2sbr!4v1703105434161!5m2!1spt-BR!2sbr;https://admin.ms.gov.br/locais_atendimento/editar/pmms129
pmms124;Polícia Militar Ambiental - Aparecida do Taboado;Loteamento Anduraluá, Quadra 01, Lote 01;Zona Rural;PMMS;aspa-inicial;"""https://www.google.com/maps/embed?pb=!1m18!1m12!1m3!1d3746.9129332198468!2d-51.02965428577896!3d-20.09592613975615!2m3!1f0!2f0!3f0!3m2!1i1024!2i768!4f13.1!3m3!1m2!1s0x9499950382900cd7%3A0x7039cb6a1c28ade9!2sPol%C3%ADcia%20Militar%20Ambiental%20-%20Aparecida%20do%20Taboado-MS!5e0!3m2!1spt-BR!2sbr!4v1703106224994!5m2!1spt-BR!2sbr"" width=""600"" height=""450"" style=""border:0;"" allowfullscreen="""" loading=""lazy"" referrerpolicy=""no-referrer-when-downgrade""";https://www.google.com/maps/embed?pb=!1m18!1m12!1m3!1d3746.9129332198468!2d-51.02965428577896!3d-20.09592613975615!2m3!1f0!2f0!3f0!3m2!1i1024!2i768!4f13.1!3m3!1m2!1s0x9499950382900cd7%3A0x7039cb6a1c28ade9!2sPol%C3%ADcia%20Militar%20Ambiental%20-%20Aparecida%20do%20Taboado-MS!5e0!3m2!1spt-BR!2sbr!4v1703106224994!5m2!1spt-BR!2sbr;https://admin.ms.gov.br/locais_atendimento/editar/pmms124
pmms97;Polícia Militar Ambiental - Aquidauana;R. Cândido Mariano, 420;Centro;PMMS;aspa-inicial;"""https://www.google.com/maps/embed?pb=!1m18!1m12!1m3!1d934.4477079297288!2d-55.80400482343633!3d-20.47378250762216!2m3!1f0!2f0!3f0!3m2!1i1024!2i768!4f13.1!3m3!1m2!1s0x947de7518386df05%3A0xf13909b0c89a8e6d!2sR.%20C%C3%A2ndido%20Mariano%2C%20420%20-%20Centro%2C%20Aquidauana%20-%20MS%2C%2079200-000!5e0!3m2!1spt-BR!2sbr!4v1703105595191!5m2!1spt-BR!2sbr"" width=""600"" height=""450"" style=""border:0;"" allowfullscreen="""" loading=""lazy"" referrerpolicy=""no-referrer-when-downgrade""";https://www.google.com/maps/embed?pb=!1m18!1m12!1m3!1d934.4477079297288!2d-55.80400482343633!3d-20.47378250762216!2m3!1f0!2f0!3f0!3m2!1i1024!2i768!4f13.1!3m3!1m2!1s0x947de7518386df05%3A0xf13909b0c89a8e6d!2sR.%20C%C3%A2ndido%20Mariano%2C%20420%20-%20Centro%2C%20Aquidauana%20-%20MS%2C%2079200-000!5e0!3m2!1spt-BR!2sbr!4v1703105595191!5m2!1spt-BR!2sbr;https://admin.ms.gov.br/locais_atendimento/editar/pmms97
pmms49;Polícia Militar Ambiental - Batayporã;Av. Brasil n° 2435;Centro;PMMS;aspa-inicial;"""https://www.google.com/maps/embed?pb=!1m16!1m12!1m3!1d435.53898572930814!2d-53.2604682755962!3d-22.29692704961276!2m3!1f0!2f0!3f0!3m2!1i1024!2i768!4f13.1!2m1!1s2234%20Av.%20Brasil%2C%20Mato%20Grosso%20do%20Sul!5e0!3m2!1spt-BR!2sbr!4v1703160765635!5m2!1spt-BR!2sbr"" width=""600"" height=""450"" style=""border:0;"" allowfullscreen="""" loading=""lazy"" referrerpolicy=""no-referrer-when-downgrade""";https://www.google.com/maps/embed?pb=!1m16!1m12!1m3!1d435.53898572930814!2d-53.2604682755962!3d-22.29692704961276!2m3!1f0!2f0!3f0!3m2!1i1024!2i768!4f13.1!2m1!1s2234%20Av.%20Brasil%2C%20Mato%20Grosso%20do%20Sul!5e0!3m2!1spt-BR!2sbr!4v1703160765635!5m2!1spt-BR!2sbr;https://admin.ms.gov.br/locais_atendimento/editar/pmms49
pmms130;Polícia Militar Ambiental - Bonito;Rodovia MS 382 - KM 0;Tarumã Hipica Park;PMMS;aspa-inicial;"""https://www.google.com/maps/embed?pb=!1m18!1m12!1m3!1d3721.5018103596544!2d-56.482149925436126!3d-21.13241907687442!2m3!1f0!2f0!3f0!3m2!1i1024!2i768!4f13.1!3m3!1m2!1s0x947c5f3e8d8d64df%3A0x9fc8e19e8a1e3275!2sPol%C3%ADcia%20Militar%20Ambiental!5e0!3m2!1spt-BR!2sbr!4v1703166600164!5m2!1spt-BR!2sbr"" width=""600"" height=""450"" style=""border:0;"" allowfullscreen="""" loading=""lazy"" referrerpolicy=""no-referrer-when-downgrade""";https://www.google.com/maps/embed?pb=!1m18!1m12!1m3!1d3721.5018103596544!2d-56.482149925436126!3d-21.13241907687442!2m3!1f0!2f0!3f0!3m2!1i1024!2i768!4f13.1!3m3!1m2!1s0x947c5f3e8d8d64df%3A0x9fc8e19e8a1e3275!2sPol%C3%ADcia%20Militar%20Ambiental!5e0!3m2!1spt-BR!2sbr!4v1703166600164!5m2!1spt-BR!2sbr;https://admin.ms.gov.br/locais_atendimento/editar/pmms130
pmms23;Polícia Militar Ambiental - Cassilândia;MS 306, KM001;Joaquim Tenório Sobrinho;PMMS;aspa-inicial;"""https://www.google.com/maps/embed?pb=!1m17!1m12!1m3!1d1585.1415450497607!2d-51.75279135234481!3d-19.10225012522051!2m3!1f0!2f0!3f0!3m2!1i1024!2i768!4f13.1!3m2!1m1!2zMTnCsDA2JzA5LjAiUyA1McKwNDUnMTAuOCJX!5e0!3m2!1spt-BR!2sbr!4v1703168957218!5m2!1spt-BR!2sbr"" width=""600"" height=""450"" style=""border:0;"" allowfullscreen="""" loading=""lazy"" referrerpolicy=""no-referrer-when-downgrade""";https://www.google.com/maps/embed?pb=!1m17!1m12!1m3!1d1585.1415450497607!2d-51.75279135234481!3d-19.10225012522051!2m3!1f0!2f0!3f0!3m2!1i1024!2i768!4f13.1!3m2!1m1!2zMTnCsDA2JzA5LjAiUyA1McKwNDUnMTAuOCJX!5e0!3m2!1spt-BR!2sbr!4v1703168957218!5m2!1spt-BR!2sbr;https://admin.ms.gov.br/locais_atendimento/editar/pmms23
pmms90;Polícia Militar Ambiental - Corumbá;BR Ramão Gomes km 1,5;Parque Marina Gatass;PMMS;aspa-inicial;"""https://www.google.com/maps/embed?pb=!1m18!1m12!1m3!1d42677.21160150055!2d-57.73921580597043!3d-19.012307851860278!2m3!1f0!2f0!3f0!3m2!1i1024!2i768!4f13.1!3m3!1m2!1s0x9387a0fcfb5976f9%3A0x7e3b144657f35641!2sPol%C3%ADcia%20militar%20ambiental%20-%20Corumb%C3%A1!5e0!3m2!1spt-BR!2sbr!4v1703160986563!5m2!1spt-BR!2sbr"" width=""600"" height=""450"" style=""border:0;"" allowfullscreen="""" loading=""lazy"" referrerpolicy=""no-referrer-when-downgrade""";https://www.google.com/maps/embed?pb=!1m18!1m12!1m3!1d42677.21160150055!2d-57.73921580597043!3d-19.012307851860278!2m3!1f0!2f0!3f0!3m2!1i1024!2i768!4f13.1!3m3!1m2!1s0x9387a0fcfb5976f9%3A0x7e3b144657f35641!2sPol%C3%ADcia%20militar%20ambiental%20-%20Corumb%C3%A1!5e0!3m2!1spt-BR!2sbr!4v1703160986563!5m2!1spt-BR!2sbr;https://admin.ms.gov.br/locais_atendimento/editar/pmms90
pmms138;Polícia Militar Ambiental - Costa Rica;R. José Pereira da Silva, 154;Jardim Santos Dumont;PMMS;aspa-inicial;"""https://www.google.com/maps/embed?pb=!1m18!1m12!1m3!1d3782.7303048884546!2d-53.1226534!3d-18.5410857!2m3!1f0!2f0!3f0!3m2!1i1024!2i768!4f13.1!3m3!1m2!1s0x94829965a412b569%3A0x8f16ce45aeeaf28d!2sPolicia%20Militar%20Ambiental!5e0!3m2!1spt-BR!2sbr!4v1703165697435!5m2!1spt-BR!2sbr"" width=""600"" height=""450"" style=""border:0;"" allowfullscreen="""" loading=""lazy"" referrerpolicy=""no-referrer-when-downgrade""";https://www.google.com/maps/embed?pb=!1m18!1m12!1m3!1d3782.7303048884546!2d-53.1226534!3d-18.5410857!2m3!1f0!2f0!3f0!3m2!1i1024!2i768!4f13.1!3m3!1m2!1s0x94829965a412b569%3A0x8f16ce45aeeaf28d!2sPolicia%20Militar%20Ambiental!5e0!3m2!1spt-BR!2sbr!4v1703165697435!5m2!1spt-BR!2sbr;https://admin.ms.gov.br/locais_atendimento/editar/pmms138
pmms111;Polícia Militar Ambiental - Coxim;Av. Presidente Vargas n° 1500;Bairro Jardim Alvorada;PMMS;aspa-inicial;"""https://www.google.com/maps/embed?pb=!1m18!1m12!1m3!1d472.9087416035316!2d-54.7562894683011!3d-18.516696562428535!2m3!1f0!2f0!3f0!3m2!1i1024!2i768!4f13.1!3m3!1m2!1s0x937e35ef3576cbe1%3A0xb2283725784d3f73!2sPol%C3%ADcia%20Militar%20Ambiental!5e0!3m2!1spt-BR!2sbr!4v1703163948270!5m2!1spt-BR!2sbr"" width=""600"" height=""450"" style=""border:0;"" allowfullscreen="""" loading=""lazy"" referrerpolicy=""no-referrer-when-downgrade""";https://www.google.com/maps/embed?pb=!1m18!1m12!1m3!1d472.9087416035316!2d-54.7562894683011!3d-18.516696562428535!2m3!1f0!2f0!3f0!3m2!1i1024!2i768!4f13.1!3m3!1m2!1s0x937e35ef3576cbe1%3A0xb2283725784d3f73!2sPol%C3%ADcia%20Militar%20Ambiental!5e0!3m2!1spt-BR!2sbr!4v1703163948270!5m2!1spt-BR!2sbr;https://admin.ms.gov.br/locais_atendimento/editar/pmms111
pmms110;Polícia Militar Ambiental - Jardim;Rua Guaicurus s/n;Vila Maj. Costa;PMMS;aspa-inicial;"""https://www.google.com/maps/embed?pb=!1m18!1m12!1m3!1d3712.8880200017634!2d-56.13389705792009!3d-21.47291001347616!2m3!1f0!2f0!3f0!3m2!1i1024!2i768!4f13.1!3m3!1m2!1s0x947d214fe537c069%3A0x72ab60753332e553!2sPolicia%20Militar%20Ambiental!5e0!3m2!1spt-BR!2sbr!4v1703166908530!5m2!1spt-BR!2sbr"" width=""600"" height=""450"" style=""border:0;"" allowfullscreen="""" loading=""lazy"" referrerpolicy=""no-referrer-when-downgrade""";https://www.google.com/maps/embed?pb=!1m18!1m12!1m3!1d3712.8880200017634!2d-56.13389705792009!3d-21.47291001347616!2m3!1f0!2f0!3f0!3m2!1i1024!2i768!4f13.1!3m3!1m2!1s0x947d214fe537c069%3A0x72ab60753332e553!2sPolicia%20Militar%20Ambiental!5e0!3m2!1spt-BR!2sbr!4v1703166908530!5m2!1spt-BR!2sbr;https://admin.ms.gov.br/locais_atendimento/editar/pmms110
pmms141;Polícia Militar Ambiental - Miranda;Br 262 Km 560;Zona Rural;PMMS;aspa-inicial;"""https://www.google.com/maps/embed?pb=!1m18!1m12!1m3!1d935.9461583316922!2d-56.39817444157197!3d-20.22626861519429!2m3!1f0!2f0!3f0!3m2!1i1024!2i768!4f13.1!3m3!1m2!1s0x947e91f6bdaf139f%3A0x7b8dd57b68be0044!2sPol%C3%ADcia%20Militar%20Ambiental%20-%20Miranda%20MS!5e0!3m2!1spt-BR!2sbr!4v1703163743535!5m2!1spt-BR!2sbr"" width=""600"" height=""450"" style=""border:0;"" allowfullscreen="""" loading=""lazy"" referrerpolicy=""no-referrer-when-downgrade""";https://www.google.com/maps/embed?pb=!1m18!1m12!1m3!1d935.9461583316922!2d-56.39817444157197!3d-20.22626861519429!2m3!1f0!2f0!3f0!3m2!1i1024!2i768!4f13.1!3m3!1m2!1s0x947e91f6bdaf139f%3A0x7b8dd57b68be0044!2sPol%C3%ADcia%20Militar%20Ambiental%20-%20Miranda%20MS!5e0!3m2!1spt-BR!2sbr!4v1703163743535!5m2!1spt-BR!2sbr;https://admin.ms.gov.br/locais_atendimento/editar/pmms141
pmms80;Polícia Militar Ambiental - Mundo Novo;BR 163 KM 21;Parque Industrial;PMMS;aspa-inicial;"""https://www.google.com/maps/embed?pb=!1m17!1m11!1m3!1d3091.416950748318!2d-54.28645972532756!3d-23.924440075030333!2m2!1f0!2f0!3m2!1i1024!2i768!4f13.1!3m3!1m2!1s0x948b4d3f004733c7%3A0xcb1ef3da7c0e56d1!2sPol%C3%ADcia%20Militar%20Ambiental!5e1!3m2!1spt-BR!2sbr!4v1703106714295!5m2!1spt-BR!2sbr"" width=""600"" height=""450"" style=""border:0;"" allowfullscreen="""" loading=""lazy"" referrerpolicy=""no-referrer-when-downgrade""";https://www.google.com/maps/embed?pb=!1m17!1m11!1m3!1d3091.416950748318!2d-54.28645972532756!3d-23.924440075030333!2m2!1f0!2f0!3m2!1i1024!2i768!4f13.1!3m3!1m2!1s0x948b4d3f004733c7%3A0xcb1ef3da7c0e56d1!2sPol%C3%ADcia%20Militar%20Ambiental!5e1!3m2!1spt-BR!2sbr!4v1703106714295!5m2!1spt-BR!2sbr;https://admin.ms.gov.br/locais_atendimento/editar/pmms80
pmms18;Polícia Militar Ambiental - Naviraí;Av. Bandeirantes, 705;Centro;PMMS;aspa-inicial;"""https://www.google.com/maps/embed?pb=!1m18!1m12!1m3!1d917.7465584280967!2d-54.18880512674201!3d-23.0609662729635!2m3!1f0!2f0!3f0!3m2!1i1024!2i768!4f13.1!3m3!1m2!1s0x948b8f2388bf1473%3A0x76bb22426035ff24!2sAv.%20Bandeirantes%2C%20705%20-%20Centro%2C%20Navira%C3%AD%20-%20MS%2C%2079950-000!5e0!3m2!1spt-BR!2sbr!4v1703107017132!5m2!1spt-BR!2sbr"" width=""600"" height=""450"" style=""border:0;"" allowfullscreen="""" loading=""lazy"" referrerpolicy=""no-referrer-when-downgrade""";https://www.google.com/maps/embed?pb=!1m18!1m12!1m3!1d917.7465584280967!2d-54.18880512674201!3d-23.0609662729635!2m3!1f0!2f0!3f0!3m2!1i1024!2i768!4f13.1!3m3!1m2!1s0x948b8f2388bf1473%3A0x76bb22426035ff24!2sAv.%20Bandeirantes%2C%20705%20-%20Centro%2C%20Navira%C3%AD%20-%20MS%2C%2079950-000!5e0!3m2!1spt-BR!2sbr!4v1703107017132!5m2!1spt-BR!2sbr;https://admin.ms.gov.br/locais_atendimento/editar/pmms18
pmms193;Polícia Militar Ambiental - Nova Porto XV;Av. Euzébio Varaldo n° 10;Centro;PMMS;aspa-inicial;"""https://www.google.com/maps/embed?pb=!1m18!1m12!1m3!1d3706.433358268463!2d-52.256941825413925!3d-21.724714796695743!2m3!1f0!2f0!3f0!3m2!1i1024!2i768!4f13.1!3m3!1m2!1s0x9491bc49fa1159ad%3A0x374f717b46edca56!2s5&#39;%20Pelot%C3%A3o%20de%20Pol%C3%ADcia%20Militar%20Ambiental%20da%20Nova%20Porto%20XV!5e0!3m2!1spt-BR!2sbr!4v1703107192006!5m2!1spt-BR!2sbr"" width=""600"" height=""450"" style=""border:0;"" allowfullscreen="""" loading=""lazy"" referrerpolicy=""no-referrer-when-downgrade""";"https://www.google.com/maps/embed?pb=!1m18!1m12!1m3!1d3706.433358268463!2d-52.256941825413925!3d-21.724714796695743!2m3!1f0!2f0!3f0!3m2!1i1024!2i768!4f13.1!3m3!1m2!1s0x9491bc49fa1159ad%3A0x374f717b46edca56!2s5&#39;%20Pelot%C3%A3o%20de%20Pol%C3%ADcia%20Militar%20Ambiental%20da%20Nova%20Porto%20XV!5e0!3m2!1spt-BR!2sbr!4v1703107192006!5m2!1spt-BR!2sbr";https://admin.ms.gov.br/locais_atendimento/editar/pmms193
pmms37;Polícia Militar Ambiental - Porto Murtinho;Rua Dr. Costa Marquês n° 1105;Centro;PMMS;aspa-inicial;"""https://www.google.com/maps/embed?pb=!1m18!1m12!1m3!1d3706.9851901668167!2d-57.89410562541477!3d-21.70329549596959!2m3!1f0!2f0!3f0!3m2!1i1024!2i768!4f13.1!3m3!1m2!1s0x947aef27205f77b5%3A0x6083bb704d78b2e4!2sPol%C3%ADcia%20Militar%20Ambiental!5e0!3m2!1spt-BR!2sbr!4v1703167485675!5m2!1spt-BR!2sbr"" width=""600"" height=""450"" style=""border:0;"" allowfullscreen="""" loading=""lazy"" referrerpolicy=""no-referrer-when-downgrade""";https://www.google.com/maps/embed?pb=!1m18!1m12!1m3!1d3706.9851901668167!2d-57.89410562541477!3d-21.70329549596959!2m3!1f0!2f0!3f0!3m2!1i1024!2i768!4f13.1!3m3!1m2!1s0x947aef27205f77b5%3A0x6083bb704d78b2e4!2sPol%C3%ADcia%20Militar%20Ambiental!5e0!3m2!1spt-BR!2sbr!4v1703167485675!5m2!1spt-BR!2sbr;https://admin.ms.gov.br/locais_atendimento/editar/pmms37
pmms33;Polícia Militar Ambiental - Rio Negro;Rodovia MS 080 - KM 155;Zona Rural;PMMS;aspa-inicial;"""https://www.google.com/maps/embed?pb=!1m18!1m12!1m3!1d791.3408627612669!2d-54.99475609317054!3d-19.35733974918003!2m3!1f0!2f0!3f0!3m2!1i1024!2i768!4f13.1!3m3!1m2!1s0x94805bc011ef30a5%3A0x2bd909f4137b725!2sPol%C3%ADcia%20militar%20Ambiental%20de%20Rio%20negro!5e0!3m2!1spt-BR!2sbr!4v1703164568723!5m2!1spt-BR!2sbr"" width=""600"" height=""450"" style=""border:0;"" allowfullscreen="""" loading=""lazy"" referrerpolicy=""no-referrer-when-downgrade""";https://www.google.com/maps/embed?pb=!1m18!1m12!1m3!1d791.3408627612669!2d-54.99475609317054!3d-19.35733974918003!2m3!1f0!2f0!3f0!3m2!1i1024!2i768!4f13.1!3m3!1m2!1s0x94805bc011ef30a5%3A0x2bd909f4137b725!2sPol%C3%ADcia%20militar%20Ambiental%20de%20Rio%20negro!5e0!3m2!1spt-BR!2sbr!4v1703164568723!5m2!1spt-BR!2sbr;https://admin.ms.gov.br/locais_atendimento/editar/pmms33
pmms190;Polícia Militar Ambiental - São Gabriel do Oeste;Rua Senador Filinto Muller, nº 472;Bairro Milani;PMMS;aspa-inicial;"""https://www.google.com/maps/embed?pb=!1m18!1m12!1m3!1d7526.823004679498!2d-54.57301806189492!3d-19.394618372360583!2m3!1f0!2f0!3f0!3m2!1i1024!2i768!4f13.1!3m3!1m2!1s0x9481a72be1c12c45%3A0xef07161c5b80549d!2sPMA!5e0!3m2!1spt-BR!2sbr!4v1703164461169!5m2!1spt-BR!2sbr"" width=""600"" height=""450"" style=""border:0;"" allowfullscreen="""" loading=""lazy"" referrerpolicy=""no-referrer-when-downgrade""";https://www.google.com/maps/embed?pb=!1m18!1m12!1m3!1d7526.823004679498!2d-54.57301806189492!3d-19.394618372360583!2m3!1f0!2f0!3f0!3m2!1i1024!2i768!4f13.1!3m3!1m2!1s0x9481a72be1c12c45%3A0xef07161c5b80549d!2sPMA!5e0!3m2!1spt-BR!2sbr!4v1703164461169!5m2!1spt-BR!2sbr;https://admin.ms.gov.br/locais_atendimento/editar/pmms190
pmms114;Polícia Militar Ambiental - Três Lagoas;Rua Taufik Farran n° 345;Vila Piloto;PMMS;aspa-inicial;"""https://www.google.com/maps/embed?pb=!1m18!1m12!1m3!1d3730.096968076265!2d-51.66251003065793!3d-20.787364595961385!2m3!1f0!2f0!3f0!3m2!1i1024!2i768!4f13.1!3m3!1m2!1s0x9490a2ea63f2cac1%3A0xa36ebf5cf44e098d!2s6%C2%AA%20Cia%20%2F%20Batalh%C3%A3o%20de%20Pol%C3%ADcia%20Militar%20Ambiental!5e0!3m2!1spt-BR!2sbr!4v1703106053679!5m2!1spt-BR!2sbr"" width=""600"" height=""450"" style=""border:0;"" allowfullscreen="""" loading=""lazy"" referrerpolicy=""no-referrer-when-downgrade""";https://www.google.com/maps/embed?pb=!1m18!1m12!1m3!1d3730.096968076265!2d-51.66251003065793!3d-20.787364595961385!2m3!1f0!2f0!3f0!3m2!1i1024!2i768!4f13.1!3m3!1m2!1s0x9490a2ea63f2cac1%3A0xa36ebf5cf44e098d!2s6%C2%AA%20Cia%20%2F%20Batalh%C3%A3o%20de%20Pol%C3%ADcia%20Militar%20Ambiental!5e0!3m2!1spt-BR!2sbr!4v1703106053679!5m2!1spt-BR!2sbr;https://admin.ms.gov.br/locais_atendimento/editar/pmms114
pmms56;Polícia Militar Ambiental - Águas do Miranda;Rodovia MS 345;Distrito de Águas do Rio Miranda;PMMS;aspa-inicial;"""https://www.google.com/maps/embed?pb=!1m18!1m12!1m3!1d698.7074067425144!2d-56.09356328538913!3d-20.76497769857936!2m3!1f0!2f0!3f0!3m2!1i1024!2i768!4f13.1!3m3!1m2!1s0x947db7acbe9910a9%3A0xd9b32ba24b69c85b!2sPolicia%20Militar%20Ambiental%20%C3%81guas%20do%20Miranda!5e0!3m2!1spt-BR!2sbr!4v1703105795189!5m2!1spt-BR!2sbr"" width=""600"" height=""450"" style=""border:0;"" allowfullscreen="""" loading=""lazy"" referrerpolicy=""no-referrer-when-downgrade""";https://www.google.com/maps/embed?pb=!1m18!1m12!1m3!1d698.7074067425144!2d-56.09356328538913!3d-20.76497769857936!2m3!1f0!2f0!3f0!3m2!1i1024!2i768!4f13.1!3m3!1m2!1s0x947db7acbe9910a9%3A0xd9b32ba24b69c85b!2sPolicia%20Militar%20Ambiental%20%C3%81guas%20do%20Miranda!5e0!3m2!1spt-BR!2sbr!4v1703105795189!5m2!1spt-BR!2sbr;https://admin.ms.gov.br/locais_atendimento/editar/pmms56
pmms68;Polícia Militar Rodoviária - Amabai;MS 156 KM 011;Zona Rural;PMMS;aspa-inicial;"""https://www.google.com/maps/embed?pb=!1m14!1m8!1m3!1d916.5700556062128!2d-55.2006515!3d-23.2328878!3m2!1i1024!2i768!4f13.1!3m3!1m2!1s0x948a6ba103d61993%3A0xa983d025edb8e5f2!2sPolicia%20Rodoviaria%20Militar!5e0!3m2!1spt-BR!2sbr!4v1703103182724!5m2!1spt-BR!2sbr"" width=""600"" height=""450"" style=""border:0;"" allowfullscreen="""" loading=""lazy"" referrerpolicy=""no-referrer-when-downgrade""";https://www.google.com/maps/embed?pb=!1m14!1m8!1m3!1d916.5700556062128!2d-55.2006515!3d-23.2328878!3m2!1i1024!2i768!4f13.1!3m3!1m2!1s0x948a6ba103d61993%3A0xa983d025edb8e5f2!2sPolicia%20Rodoviaria%20Militar!5e0!3m2!1spt-BR!2sbr!4v1703103182724!5m2!1spt-BR!2sbr;https://admin.ms.gov.br/locais_atendimento/editar/pmms68
pmms108;Polícia Militar Rodoviária - Bonito;Avenida Pilad Rebua, s/nº;Tarumã Hipica Park;PMMS;aspa-inicial;"""https://www.google.com/maps/embed?pb=!1m17!1m12!1m3!1d3721.5018876055165!2d-56.479558999999995!3d-21.132416!2m3!1f0!2f0!3f0!3m2!1i1024!2i768!4f13.1!3m2!1m1!2zMjHCsDA3JzU2LjciUyA1NsKwMjgnNDYuNCJX!5e0!3m2!1spt-BR!2sbr!4v1703102010225!5m2!1spt-BR!2sbr"" width=""600"" height=""450"" style=""border:0;"" allowfullscreen="""" loading=""lazy"" referrerpolicy=""no-referrer-when-downgrade""";https://www.google.com/maps/embed?pb=!1m17!1m12!1m3!1d3721.5018876055165!2d-56.479558999999995!3d-21.132416!2m3!1f0!2f0!3f0!3m2!1i1024!2i768!4f13.1!3m2!1m1!2zMjHCsDA3JzU2LjciUyA1NsKwMjgnNDYuNCJX!5e0!3m2!1spt-BR!2sbr!4v1703102010225!5m2!1spt-BR!2sbr;https://admin.ms.gov.br/locais_atendimento/editar/pmms108
pmms175;Polícia Militar Rodoviária - Chapadão do Sul;MS 306, KM 133 + 500,;Zona Rural;PMMS;aspa-inicial;"""https://www.google.com/maps/embed?pb=!1m14!1m8!1m3!1d905.767996305144!2d-52.4879464!3d-18.8533221!3m2!1i1024!2i768!4f13.1!3m3!1m2!1s0x949d27cca6517d79%3A0xc419fa9527389ea4!2sPMR%20-%20Pol%C3%ADcia%20Militar%20Rodovi%C3%A1ria%20-%20Base%20Chapad%C3%A3o%20do%20Sul!5e1!3m2!1spt-BR!2sbr!4v1703103615309!5m2!1spt-BR!2sbr"" width=""600"" height=""450"" style=""border:0;"" allowfullscreen="""" loading=""lazy"" referrerpolicy=""no-referrer-when-downgrade""";https://www.google.com/maps/embed?pb=!1m14!1m8!1m3!1d905.767996305144!2d-52.4879464!3d-18.8533221!3m2!1i1024!2i768!4f13.1!3m3!1m2!1s0x949d27cca6517d79%3A0xc419fa9527389ea4!2sPMR%20-%20Pol%C3%ADcia%20Militar%20Rodovi%C3%A1ria%20-%20Base%20Chapad%C3%A3o%20do%20Sul!5e1!3m2!1spt-BR!2sbr!4v1703103615309!5m2!1spt-BR!2sbr;https://admin.ms.gov.br/locais_atendimento/editar/pmms175
pmms71;Polícia Militar Rodoviária - Dourados;MS 162 KM 013;Zona Rural;PMMS;aspa-inicial;"""https://www.google.com/maps/embed?pb=!1m14!1m8!1m3!1d7363.719623807686!2d-54.9414754!3d-22.1859691!3m2!1i1024!2i768!4f13.1!3m3!1m2!1s0x9489ad1de2ef1115%3A0x8ea3a003a5d43d08!2sPol%C3%ADcia%20Rodovi%C3%A1ria%20Estadual!5e1!3m2!1spt-BR!2sbr!4v1703103066555!5m2!1spt-BR!2sbr"" width=""600"" height=""450"" style=""border:0;"" allowfullscreen="""" loading=""lazy"" referrerpolicy=""no-referrer-when-downgrade""";https://www.google.com/maps/embed?pb=!1m14!1m8!1m3!1d7363.719623807686!2d-54.9414754!3d-22.1859691!3m2!1i1024!2i768!4f13.1!3m3!1m2!1s0x9489ad1de2ef1115%3A0x8ea3a003a5d43d08!2sPol%C3%ADcia%20Rodovi%C3%A1ria%20Estadual!5e1!3m2!1spt-BR!2sbr!4v1703103066555!5m2!1spt-BR!2sbr;https://admin.ms.gov.br/locais_atendimento/editar/pmms71
pmms50;Polícia Militar Rodoviária - Nova Andradina;MS 134 KM 065;Zona Rural;PMMS;aspa-inicial;"""https://www.google.com/maps/embed?pb=!1m18!1m12!1m3!1d36915.65582628175!2d-53.33661188500504!3d-22.28813935855416!2m3!1f0!2f0!3f0!3m2!1i1024!2i768!4f13.1!3m3!1m2!1s0x948e7c73c425ec19%3A0xfa097816b74f8b9b!2sPMR%20-%20Pol%C3%ADcia%20Militar%20Rodovi%C3%A1ria%20-%20Base%20Nova%20Andradina!5e1!3m2!1spt-BR!2sbr!4v1703102954871!5m2!1spt-BR!2sbr"" width=""600"" height=""450"" style=""border:0;"" allowfullscreen="""" loading=""lazy"" referrerpolicy=""no-referrer-when-downgrade""";https://www.google.com/maps/embed?pb=!1m18!1m12!1m3!1d36915.65582628175!2d-53.33661188500504!3d-22.28813935855416!2m3!1f0!2f0!3f0!3m2!1i1024!2i768!4f13.1!3m3!1m2!1s0x948e7c73c425ec19%3A0xfa097816b74f8b9b!2sPMR%20-%20Pol%C3%ADcia%20Militar%20Rodovi%C3%A1ria%20-%20Base%20Nova%20Andradina!5e1!3m2!1spt-BR!2sbr!4v1703102954871!5m2!1spt-BR!2sbr;https://admin.ms.gov.br/locais_atendimento/editar/pmms50
pmms3;Polícia Militar Rodoviária - Paranaíba;MS 240 KM 004;Zona Rural;PMMS;aspa-inicial;"""https://www.google.com/maps/embed?pb=!1m13!1m8!1m3!1d770.7737276250505!2d-51.2428191!3d-19.6820926!3m2!1i1024!2i768!4f13.1!3m2!1m1!2zMTnCsDQwJzU1LjEiUyA1McKwMTQnMzEuMiJX!5e1!3m2!1spt-BR!2sbr!4v1703102349346!5m2!1spt-BR!2sbr"" width=""600"" height=""450"" style=""border:0;"" allowfullscreen="""" loading=""lazy"" referrerpolicy=""no-referrer-when-downgrade""";https://www.google.com/maps/embed?pb=!1m13!1m8!1m3!1d770.7737276250505!2d-51.2428191!3d-19.6820926!3m2!1i1024!2i768!4f13.1!3m2!1m1!2zMTnCsDQwJzU1LjEiUyA1McKwMTQnMzEuMiJX!5e1!3m2!1spt-BR!2sbr!4v1703102349346!5m2!1spt-BR!2sbr;https://admin.ms.gov.br/locais_atendimento/editar/pmms3
pmms22;Polícia Militar Rodoviária - Posto Aquidaban;MS 164 KM 105;Zona Rural;PMMS;aspa-inicial;"""https://www.google.com/maps/embed?pb=!1m14!1m8!1m3!1d2678.112104459921!2d-55.7473589!3d-22.3835919!3m2!1i1024!2i768!4f13.1!3m3!1m2!1s0x946263c34c070563%3A0xea742bda83e193f9!2sPolicia%20Rodovi%C3%A1ria%20Estadual%20(PRE-MS)%20Posto%20Aquidaban!5e1!3m2!1spt-BR!2sbr!4v1703103473107!5m2!1spt-BR!2sbr"" width=""600"" height=""450"" style=""border:0;"" allowfullscreen="""" loading=""lazy"" referrerpolicy=""no-referrer-when-downgrade""";https://www.google.com/maps/embed?pb=!1m14!1m8!1m3!1d2678.112104459921!2d-55.7473589!3d-22.3835919!3m2!1i1024!2i768!4f13.1!3m3!1m2!1s0x946263c34c070563%3A0xea742bda83e193f9!2sPolicia%20Rodovi%C3%A1ria%20Estadual%20(PRE-MS)%20Posto%20Aquidaban!5e1!3m2!1spt-BR!2sbr!4v1703103473107!5m2!1spt-BR!2sbr;https://admin.ms.gov.br/locais_atendimento/editar/pmms22
pmms159;Polícia Militar Rodoviária - Sanga Puitã;MS 386 KM 016;Zona Rural;PMMS;aspa-inicial;"""https://www.google.com/maps/embed?pb=!1m14!1m8!1m3!1d2595.373681720509!2d-55.5508221!3d-22.7086343!3m2!1i1024!2i768!4f13.1!3m3!1m2!1s0x9462096ee92edf21%3A0x77ae4197760397e2!2sPRE%20-%20Policia%20Rodovi%C3%A1ria%20Estadual!5e1!3m2!1spt-BR!2sbr!4v1703103305395!5m2!1spt-BR!2sbr"" width=""600"" height=""450"" style=""border:0;"" allowfullscreen="""" loading=""lazy"" referrerpolicy=""no-referrer-when-downgrade""";https://www.google.com/maps/embed?pb=!1m14!1m8!1m3!1d2595.373681720509!2d-55.5508221!3d-22.7086343!3m2!1i1024!2i768!4f13.1!3m3!1m2!1s0x9462096ee92edf21%3A0x77ae4197760397e2!2sPRE%20-%20Policia%20Rodovi%C3%A1ria%20Estadual!5e1!3m2!1spt-BR!2sbr!4v1703103305395!5m2!1spt-BR!2sbr;https://admin.ms.gov.br/locais_atendimento/editar/pmms159
pmms20;Polícia Militar Rodoviária - Três Lagoas;Rua Clodoaldo Garcia, n° 1731;São Carlos;PMMS;aspa-inicial;"""https://www.google.com/maps/embed?pb=!1m13!1m8!1m3!1d614.0061898030062!2d-51.7222639!3d-20.8034409!3m2!1i1024!2i768!4f13.1!3m2!1m1!2zMjDCsDQ4JzExLjciUyA1McKwNDMnMTkuNSJX!5e1!3m2!1spt-BR!2sbr!4v1703102149641!5m2!1spt-BR!2sbr"" width=""600"" height=""450"" style=""border:0;"" allowfullscreen="""" loading=""lazy"" referrerpolicy=""no-referrer-when-downgrade""";https://www.google.com/maps/embed?pb=!1m13!1m8!1m3!1d614.0061898030062!2d-51.7222639!3d-20.8034409!3m2!1i1024!2i768!4f13.1!3m2!1m1!2zMjDCsDQ4JzExLjciUyA1McKwNDMnMTkuNSJX!5e1!3m2!1spt-BR!2sbr!4v1703102149641!5m2!1spt-BR!2sbr;https://admin.ms.gov.br/locais_atendimento/editar/pmms20
pmms161;Polícia Militar Rodoviária - Vista Alegre;MS 164 KM 014, Rua Antônio Alves Corrêa,;Centro;PMMS;aspa-inicial;"""https://www.google.com/maps/embed?pb=!1m13!1m8!1m3!1d762.0644199682702!2d-55.4998534!3d-21.7256297!3m2!1i1024!2i768!4f13.1!3m2!1m1!2zMjHCsDQzJzMxLjQiUyA1NcKwMjknNTguMCJX!5e1!3m2!1spt-BR!2sbr!4v1703101768204!5m2!1spt-BR!2sbr"" width=""600"" height=""450"" style=""border:0;"" allowfullscreen="""" loading=""lazy"" referrerpolicy=""no-referrer-when-downgrade""";https://www.google.com/maps/embed?pb=!1m13!1m8!1m3!1d762.0644199682702!2d-55.4998534!3d-21.7256297!3m2!1i1024!2i768!4f13.1!3m2!1m1!2zMjHCsDQzJzMxLjQiUyA1NcKwMjknNTguMCJX!5e1!3m2!1spt-BR!2sbr!4v1703101768204!5m2!1spt-BR!2sbr;https://admin.ms.gov.br/locais_atendimento/editar/pmms161
7o-batalhao-de-policia-militar46;7º Batalhão de Polícia Militar;Praça Dr. Luiz Miranda Horta, s/n.º Centro Aquidauana, MS;Centro;PMMS;nao-embed;https://www.google.com/maps?q=Pra%C3%A7a%20Dr.%20Luiz%20Miranda%20Horta%2C%20Centro%2C%20Aquidauana%2C%20MS&output=embed;__GERAR_EMBED__;https://admin.ms.gov.br/locais_atendimento/editar/7o-batalhao-de-policia-militar46
pmms126;Grupamento de Polícia Militar;Rua Floriano Peixoto, 999;Centro;PMMS;nao-embed;https://www.google.com/maps?q=Rua%20Floriano%20Peixoto%2C%20999%2C%20Centro%2C%20Guia%20Lopes%20da%20Laguna%2C%20MS&output=embed;__GERAR_EMBED__;https://admin.ms.gov.br/locais_atendimento/editar/pmms126
procon-mato-grosso-do-sul128;1º Andar;Rua Padre João Crippa, 3115;São Francisco;SEAD;nao-embed;https://www.google.com/maps/place/R.+Padre+Jo%C3%A3o+Crippa,+3115+-+Jardim+Monte+Libano,+Campo+Grande+-+MS,+79010-180/@-20.4456833,-54.6139079,17z/data=!3m1!4b1!4m6!3m5!1s0x9486e62b6bfbd15b:0xde4af384683268cd!8m2!3d-20.4456833!4d-54.6139079!16s%2Fg%2F11qb2fd6sp?entry=ttu;__GERAR_EMBED__;https://admin.ms.gov.br/locais_atendimento/editar/procon-mato-grosso-do-sul128
coordenadoria-de-atendimento-aos-orgaos-colegiados83;3º Andar;Rua Padre João Crippa, 3115;São Francisco;SEAD;nao-embed;https://share.google/xs6z39phUVjF6OahA;__GERAR_EMBED__;https://admin.ms.gov.br/locais_atendimento/editar/coordenadoria-de-atendimento-aos-orgaos-colegiados83
coordenadoria-da-escola-de-assistencia-social10;Coordenadoria da Escola de Assistência Social;Rua André Pace, 630;Guanandi;SEAD;nao-embed;https://maps.app.goo.gl/LMpEHm8VrQThe8EZ9;__GERAR_EMBED__;https://admin.ms.gov.br/locais_atendimento/editar/coordenadoria-da-escola-de-assistencia-social10
sead27;Superintendência de Programas Estruturantes;Rua 14 de Julho, 1269;Centro;SEAD;nao-embed;https://www.google.com/maps/dir//PROGRAMA+VALE+UNIVERSIDADE+-+Rua+14+de+Julho,+1269+-+Centro,+Campo+Grande+-+MS,+79002-335/@-20.4694821,-54.616173,15z/data=!4m9!4m8!1m0!1m5!1m1!1s0x9486e61943b1e9d5:0x9a1ea17379c67116!2m2!1d-54.616173!2d-20.4694821!3e0?entry=ttu&g_ep=EgoyMDI0MDkxNi4wIKXMDSoASAFQAw%3D%3D;__GERAR_EMBED__;https://admin.ms.gov.br/locais_atendimento/editar/sead27
sead193;Superintendência do Programa Mais Social;Rua Barão de Ladário, 85;Vila Sobrinho;SEAD;nao-embed;https://share.google/rKbjPcIhTVZhYTGR2;__GERAR_EMBED__;https://admin.ms.gov.br/locais_atendimento/editar/sead193
secretaria-de-estado-da-cidadania21;Secretaria de Estado da Cidadania;Av. Ceará, 984;Vila Antonio Vendas;SEC;aspa-inicial;"""https://www.google.com/maps/embed?pb=!1m18!1m12!1m3!1d3738.174449816506!2d-54.5921835!3d-20.458026899999997!2m3!1f0!2f0!3f0!3m2!1i1024!2i768!4f13.1!3m3!1m2!1s0x9486e895c381b403%3A0x6fa75d8cb9af2306!2sAv.%20Cear%C3%A1%2C%20984%20-%20Vila%20Antonio%20Vendas%2C%20Campo%20Grande%20-%20MS%2C%2079003-010!5e0!3m2!1spt-BR!2sbr!4v1725973746408!5m2!1spt-BR!2sbr"" width=""600"" height=""450"" style=""border:0;"" allowfullscreen="""" loading=""lazy"" referrerpolicy=""no-referrer-when-downgrade""";https://www.google.com/maps/embed?pb=!1m18!1m12!1m3!1d3738.174449816506!2d-54.5921835!3d-20.458026899999997!2m3!1f0!2f0!3f0!3m2!1i1024!2i768!4f13.1!3m3!1m2!1s0x9486e895c381b403%3A0x6fa75d8cb9af2306!2sAv.%20Cear%C3%A1%2C%20984%20-%20Vila%20Antonio%20Vendas%2C%20Campo%20Grande%20-%20MS%2C%2079003-010!5e0!3m2!1spt-BR!2sbr!4v1725973746408!5m2!1spt-BR!2sbr;https://admin.ms.gov.br/locais_atendimento/editar/secretaria-de-estado-da-cidadania21
superintendencia-de-planejamento-e-articulacao-interinstitucional1;984;Av. Ceará;Antonio Vendas;SEC;nao-embed;https://www.google.com/maps/place/Secretaria+de+Estado+da+Cidadania+de+Mato+Grosso+do+Sul/@-20.4578186,-54.5923982,17z/data=!3m1!4b1!4m6!3m5!1s0x9486e929b0ca3d71:0x8fc4ac8540e5dc6!8m2!3d-20.4578186!4d-54.5923982!16s%2Fg%2F11lnp4t8hz?entry=tts&g_ep=EgoyMDI1MDIwNS4xIPu8ASoASAFQAw%3D%3D;__GERAR_EMBED__;https://admin.ms.gov.br/locais_atendimento/editar/superintendencia-de-planejamento-e-articulacao-interinstitucional1
secretaria-de-governo-digital195;SETDIG - Secretaria-Executiva de Transformação Digital;Rua Delegado Osmar de Camargo, S/N;Jardim Veraneio;SEGOV MS;nao-embed;https://maps.app.goo.gl/a3uscWFPcdG81ouWA;__GERAR_EMBED__;https://admin.ms.gov.br/locais_atendimento/editar/secretaria-de-governo-digital195
secretaria-de-estado-de-infraestrutura-e-logistica103;BLOCO XIV;AV. DES. JOSÉ NUNES DA CUNHA S/Nº;PARQUE DOS PODERES;SEILOG;tag-iframe;"<iframe src=""https://www.google.com/maps/embed?pb=!1m18!1m12!1m3!1d3738.47730798136!2d-54.55722482475912!3d-20.44557998106187!2m3!1f0!2f0!3f0!3m2!1i1024!2i768!4f13.1!3m3!1m2!1s0x9486e936b3ee1cdd%3A0x8b98ff1424b582fd!2sSeilog%20-%20Secretaria%20de%20Estado%20de%20Infraestrutura%20e%20Log%C3%ADstica%20de%20Mato%20Grosso%20do%20Sul!5e0!3m2!1spt-BR!2sbr!4v1749742467609!5m2!1spt-BR!2sbr"" width=""600"" height=""450"" style=""border:0;"" allowfullscreen="""" loading=""lazy"" referrerpolicy=""no-referrer-when-downgrade""></iframe>";https://www.google.com/maps/embed?pb=!1m18!1m12!1m3!1d3738.47730798136!2d-54.55722482475912!3d-20.44557998106187!2m3!1f0!2f0!3f0!3m2!1i1024!2i768!4f13.1!3m3!1m2!1s0x9486e936b3ee1cdd%3A0x8b98ff1424b582fd!2sSeilog%20-%20Secretaria%20de%20Estado%20de%20Infraestrutura%20e%20Log%C3%ADstica%20de%20Mato%20Grosso%20do%20Sul!5e0!3m2!1spt-BR!2sbr!4v1749742467609!5m2!1spt-BR!2sbr;https://admin.ms.gov.br/locais_atendimento/editar/secretaria-de-estado-de-infraestrutura-e-logistica103
semadesc73;Bloco 12;Avenida Desembargador José Nunes da Cunha;Parque dos Poderes;SEMADESC;aspa-inicial;"""https://www.google.com/maps/embed?pb=!1m18!1m12!1m3!1d4473.575922051855!2d-54.558187323970174!3d-20.443537254506897!2m3!1f0!2f0!3f0!3m2!1i1024!2i768!4f13.1!3m3!1m2!1s0x9486e91a7b5680cd%3A0xaf93a898b08a242e!2sSEMADESC-Secretaria%20de%20Meio%20Ambiente%2C%20Desenvolvimento%2C%20Ci%C3%AAncia%2C%20Tecnologia%20e%20Inova%C3%A7%C3%A3o!5e1!3m2!1spt-BR!2sbr!4v1749059224769!5m2!1spt-BR!2sbr"" width=""600"" height=""450"" style=""border:0;"" allowfullscreen="""" loading=""lazy"" referrerpolicy=""no-referrer-when-downgrade""";https://www.google.com/maps/embed?pb=!1m18!1m12!1m3!1d4473.575922051855!2d-54.558187323970174!3d-20.443537254506897!2m3!1f0!2f0!3f0!3m2!1i1024!2i768!4f13.1!3m3!1m2!1s0x9486e91a7b5680cd%3A0xaf93a898b08a242e!2sSEMADESC-Secretaria%20de%20Meio%20Ambiente%2C%20Desenvolvimento%2C%20Ci%C3%AAncia%2C%20Tecnologia%20e%20Inova%C3%A7%C3%A3o!5e1!3m2!1spt-BR!2sbr!4v1749059224769!5m2!1spt-BR!2sbr;https://admin.ms.gov.br/locais_atendimento/editar/semadesc73
semadesc80;Bloco 12;Avenida Desembargador José Nunes da Cunha;Parque dos Poderes;SEMADESC;aspa-inicial;"""https://www.google.com/maps/embed?pb=!1m18!1m12!1m3!1d4473.575922051855!2d-54.558187323970174!3d-20.443537254506897!2m3!1f0!2f0!3f0!3m2!1i1024!2i768!4f13.1!3m3!1m2!1s0x9486e91a7b5680cd%3A0xaf93a898b08a242e!2sSEMADESC-Secretaria%20de%20Meio%20Ambiente%2C%20Desenvolvimento%2C%20Ci%C3%AAncia%2C%20Tecnologia%20e%20Inova%C3%A7%C3%A3o!5e1!3m2!1spt-BR!2sbr!4v1749042591638!5m2!1spt-BR!2sbr"" width=""600"" height=""450"" style=""border:0;"" allowfullscreen="""" loading=""lazy"" referrerpolicy=""no-referrer-when-downgrade""";https://www.google.com/maps/embed?pb=!1m18!1m12!1m3!1d4473.575922051855!2d-54.558187323970174!3d-20.443537254506897!2m3!1f0!2f0!3f0!3m2!1i1024!2i768!4f13.1!3m3!1m2!1s0x9486e91a7b5680cd%3A0xaf93a898b08a242e!2sSEMADESC-Secretaria%20de%20Meio%20Ambiente%2C%20Desenvolvimento%2C%20Ci%C3%AAncia%2C%20Tecnologia%20e%20Inova%C3%A7%C3%A3o!5e1!3m2!1spt-BR!2sbr!4v1749042591638!5m2!1spt-BR!2sbr;https://admin.ms.gov.br/locais_atendimento/editar/semadesc80
semadesc143;Bloco 12;Avenida Desembargador José Nunes da Cunha;Parque dos Poderes;SEMADESC;aspa-inicial;"""https://www.google.com/maps/embed?pb=!1m18!1m12!1m3!1d4473.575922051855!2d-54.558187323970174!3d-20.443537254506897!2m3!1f0!2f0!3f0!3m2!1i1024!2i768!4f13.1!3m3!1m2!1s0x9486e91a7b5680cd%3A0xaf93a898b08a242e!2sSEMADESC-Secretaria%20de%20Meio%20Ambiente%2C%20Desenvolvimento%2C%20Ci%C3%AAncia%2C%20Tecnologia%20e%20Inova%C3%A7%C3%A3o!5e1!3m2!1spt-BR!2sbr!4v1749059325137!5m2!1spt-BR!2sbr"" width=""600"" height=""450"" style=""border:0;"" allowfullscreen="""" loading=""lazy"" referrerpolicy=""no-referrer-when-downgrade""";https://www.google.com/maps/embed?pb=!1m18!1m12!1m3!1d4473.575922051855!2d-54.558187323970174!3d-20.443537254506897!2m3!1f0!2f0!3f0!3m2!1i1024!2i768!4f13.1!3m3!1m2!1s0x9486e91a7b5680cd%3A0xaf93a898b08a242e!2sSEMADESC-Secretaria%20de%20Meio%20Ambiente%2C%20Desenvolvimento%2C%20Ci%C3%AAncia%2C%20Tecnologia%20e%20Inova%C3%A7%C3%A3o!5e1!3m2!1spt-BR!2sbr!4v1749059325137!5m2!1spt-BR!2sbr;https://admin.ms.gov.br/locais_atendimento/editar/semadesc143
